
{
  "user_name": "meemee",
  "host_name": "quartz188",
  "mpi_rank_count": 1,
  "curves": 
  {
    "t": [0.25, 0.5, 0.75, 1.0],
    "temperature": 
    {
      "l1norms": [10.8455612450063, 10.8769266938811, 10.9262526637677, 10.9890569744431],
      "l2norms": [4.00325571439491, 3.98778843947879, 3.988193145272, 3.99834571962069],
      "linfnorms": [1.99858754555508, 1.99602762948269, 1.99349091868975, 1.9915520450815],
      "avgs": [1.36394528852752, 1.36810524509546, 1.374153349967, 1.38184017005875],
      "mins": [1.00067514812945, 1.00311180843846, 1.00816133998986, 1.01610881694094],
      "maxs": [2.0, 2.0, 2.0, 2.0]
    },
    "velocity": 
    {
      "l1norms": [0.0, 0.0, 0.0, 0.0],
      "l2norms": [0.0, 0.0, 0.0, 0.0],
      "linfnorms": [0.0, 0.0, 0.0, 0.0],
      "avgs": [0.0, 0.0, 0.0, 0.0],
      "mins": [0.0, 0.0, 0.0, 0.0],
      "maxs": [0.0, 0.0, 0.0, 0.0]
    },
    "displacement": 
    {
      "l1norms": [0.0, 0.924962166264643, 1.84283834206585, 2.74688270159081],
      "l2norms": [0.0, 0.4275976012174, 0.851821419489431, 1.26946055313981],
      "linfnorms": [0.0, 0.310353229084647, 0.618487529803454, 0.921952178076032],
      "avgs": [0.0, 0.0391142766414546, 0.0763267241134098, 0.111371682619804],
      "mins": [0.0, -0.0382275916996528, -0.0908270569236879, -0.156722895441363],
      "maxs": [0.0, 0.317086042420179, 0.632902614360887, 0.944383108329756]
    }
  },
  "sidre_group_name": "serac_summary"
}